{
  "Algeria": {
    "train": {
      "rmse": 9.014638730835378,
      "r2": 0.0033297620312441323
    },
    "valid": {
      "rmse": 4.074052765892622,
      "r2": 0.0013385833164898386
    },
    "test": {
      "rmse": 1.295100431874989,
      "r2": 0.058334877184291534
    }
  },
  "Argentina": {
    "train": {
      "rmse": 0.042045090031793665,
      "r2": 0.797115228235126
    },
    "valid": {
      "rmse": 0.051602128169381055,
      "r2": 0.7953328449878009
    },
    "test": {
      "rmse": 0.3491026254134212,
      "r2": 0.8046494369896038
    }
  },
  "Australia": {
    "train": {
      "rmse": 0.11956406447743788,
      "r2": 0.00011701265949026762
    },
    "valid": {
      "rmse": 0.34877520855173283,
      "r2": -0.004427383772242832
    },
    "test": {
      "rmse": 3.7014801428922954,
      "r2": -0.027132902668568715
    }
  },
  "Austria": {
    "train": {
      "rmse": 0.23629287209500413,
      "r2": 1.4219998035636117e-05
    },
    "valid": {
      "rmse": 0.13486163230667814,
      "r2": -0.002402015726856943
    },
    "test": {
      "rmse": 2.661886937691271,
      "r2": -0.03048238021007421
    }
  },
  "Belgium": {
    "train": {
      "rmse": 4.262674595413836,
      "r2": 0.03257074752044953
    },
    "valid": {
      "rmse": 0.5023116317727351,
      "r2": -0.3767056532711246
    },
    "test": {
      "rmse": 4.800222023599741,
      "r2": -0.5806794693627026
    }
  },
  "Brazil": {
    "train": {
      "rmse": 0.1734146708628388,
      "r2": 0.7872720344515067
    },
    "valid": {
      "rmse": 0.2597128537505168,
      "r2": 0.6906975260893082
    },
    "test": {
      "rmse": 0.44638069177840056,
      "r2": 0.8344693639867802
    }
  },
  "Bulgaria": {
    "train": {
      "rmse": 5.587827945128428,
      "r2": 0.05269512646737162
    },
    "valid": {
      "rmse": 4.765600515292386,
      "r2": -0.020640929328959112
    },
    "test": {
      "rmse": 17.609345099800322,
      "r2": -0.019736904507689168
    }
  },
  "Canada": {
    "train": {
      "rmse": 2.457908119808392,
      "r2": 0.001569981268173981
    },
    "valid": {
      "rmse": 0.64524660152052,
      "r2": -0.2582558232589298
    },
    "test": {
      "rmse": 6.336499880153432,
      "r2": 0.012087106852317397
    }
  },
  "Chile": {
    "train": {
      "rmse": 0.2294793291016868,
      "r2": 2.385047410335961e-05
    },
    "valid": {
      "rmse": 0.0704638026755132,
      "r2": -0.010423149282292599
    },
    "test": {
      "rmse": 3.276764192690436,
      "r2": -0.02732256850941317
    }
  },
  "China": {
    "train": {
      "rmse": 0.007052453172987947,
      "r2": 0.8921989698273427
    },
    "valid": {
      "rmse": 0.007505915221592645,
      "r2": 0.5841414485382646
    },
    "test": {
      "rmse": 0.005693869475326286,
      "r2": 0.6115036653423092
    }
  },
  "Colombia": {
    "train": {
      "rmse": 0.0049229129893375466,
      "r2": 0.9344273816738856
    },
    "valid": {
      "rmse": 0.004732021370736585,
      "r2": 0.6431045965631452
    },
    "test": {
      "rmse": 0.013977574660782817,
      "r2": 0.8369568388869535
    }
  },
  "Croatia": {
    "train": {
      "rmse": 2.8872628244675203,
      "r2": 0.010779785903784811
    },
    "valid": {
      "rmse": 1.8311307781783743,
      "r2": -0.12564702605652278
    },
    "test": {
      "rmse": 12.29425705689157,
      "r2": -0.2183122916479978
    }
  },
  "Cyprus": {
    "train": {
      "rmse": 0.007131748687774237,
      "r2": 0.8879314759219146
    },
    "valid": {
      "rmse": 0.009751952999999097,
      "r2": 0.4708271751467171
    },
    "test": {
      "rmse": 0.016034545489841314,
      "r2": 0.7397268107411545
    }
  },
  "Czechia": {
    "train": {
      "rmse": 0.005472439362278355,
      "r2": 0.8995500805697979
    },
    "valid": {
      "rmse": 0.003599995175664859,
      "r2": 0.45559612099136904
    },
    "test": {
      "rmse": 0.0225145882281311,
      "r2": 0.8397480030997815
    }
  },
  "Denmark": {
    "train": {
      "rmse": 0.37924701117462156,
      "r2": 0.639965092891808
    },
    "valid": {
      "rmse": 1.332042812854508,
      "r2": 0.5131331708024703
    },
    "test": {
      "rmse": 3.0962379449949777,
      "r2": 0.15826042282091546
    }
  },
  "Estonia": {
    "train": {
      "rmse": 3.868702279415236,
      "r2": 0.003153921372923918
    },
    "valid": {
      "rmse": 9.969817705690154,
      "r2": -0.03296799080168733
    },
    "test": {
      "rmse": 5.186204684844886,
      "r2": 0.051864208586461236
    }
  },
  "Euro area": {
    "train": {
      "rmse": 0.0029681874941884156,
      "r2": 0.9120581842744843
    },
    "valid": {
      "rmse": 0.005382281460729102,
      "r2": 0.4583400806930076
    },
    "test": {
      "rmse": 0.012463779936984842,
      "r2": 0.8142561115672728
    }
  },
  "Finland": {
    "train": {
      "rmse": 8.207169630481383,
      "r2": 0.0014216226294371248
    },
    "valid": {
      "rmse": 3.998480125284842,
      "r2": -0.01961275733246559
    },
    "test": {
      "rmse": 6.363479009966295,
      "r2": 0.015723394332653906
    }
  },
  "France": {
    "train": {
      "rmse": 2.332225013389676,
      "r2": 0.09497325437477844
    },
    "valid": {
      "rmse": 6.33683096859127,
      "r2": -0.007231588979660364
    },
    "test": {
      "rmse": 18.292779424035203,
      "r2": 0.006517678506889668
    }
  },
  "Germany": {
    "train": {
      "rmse": 0.0032949730209983477,
      "r2": 0.8051625392247519
    },
    "valid": {
      "rmse": 0.006222044195072845,
      "r2": 0.31500622360826214
    },
    "test": {
      "rmse": 0.011060114525387073,
      "r2": 0.7761448260887679
    }
  },
  "Greece": {
    "train": {
      "rmse": 0.005373250937168772,
      "r2": 0.9372426192947968
    },
    "valid": {
      "rmse": 0.007513148051046926,
      "r2": 0.5407574639410333
    },
    "test": {
      "rmse": 0.015248218003503126,
      "r2": 0.8328601733728909
    }
  },
  "Hong Kong SAR": {
    "train": {
      "rmse": 0.008821798320326585,
      "r2": 0.8899217162272952
    },
    "valid": {
      "rmse": 0.010107268614465046,
      "r2": 0.4621528458577633
    },
    "test": {
      "rmse": 0.008770806257746568,
      "r2": -0.4787399954395333
    }
  },
  "Hungary": {
    "train": {
      "rmse": 1.6810475757744174,
      "r2": 0.10373199702498326
    },
    "valid": {
      "rmse": 4.952790085556604,
      "r2": -0.07107160875999297
    },
    "test": {
      "rmse": 1.0928494666912953,
      "r2": 0.0336231664424963
    }
  },
  "Iceland": {
    "train": {
      "rmse": 0.48798785342187734,
      "r2": 0.619009872269917
    },
    "valid": {
      "rmse": 0.32215221914650216,
      "r2": 0.23189394958097087
    },
    "test": {
      "rmse": 0.22995115909982478,
      "r2": 0.8059336119904259
    }
  },
  "India": {
    "train": {
      "rmse": 2.934327696004337,
      "r2": 0.0074310693310846165
    },
    "valid": {
      "rmse": 0.7281764392991492,
      "r2": 0.08743878305852171
    },
    "test": {
      "rmse": 0.3973930224569318,
      "r2": -0.7992085129662334
    }
  },
  "Indonesia": {
    "train": {
      "rmse": 7.332369939528783,
      "r2": 2.4581433495152183e-05
    },
    "valid": {
      "rmse": 0.7333056181627381,
      "r2": -7.9096010999208985
    },
    "test": {
      "rmse": 1.0223861440322406,
      "r2": -0.08442165674957591
    }
  },
  "Ireland": {
    "train": {
      "rmse": 2.24938370890264,
      "r2": 0.020270372703600215
    },
    "valid": {
      "rmse": 2.9495648993810404,
      "r2": -0.017179287940196852
    },
    "test": {
      "rmse": 4.23539347275155,
      "r2": 0.02263506661779946
    }
  },
  "Israel": {
    "train": {
      "rmse": 4.509828755431843,
      "r2": 0.06357440548944038
    },
    "valid": {
      "rmse": 3.3855041939489214,
      "r2": -0.0027737582079883083
    },
    "test": {
      "rmse": 2.92239553313724,
      "r2": 0.15366586019699935
    }
  },