route,n,mae,rmse
/forecast/ensemble,2,0.0139526252925272,0.0139526252925272
/forecast/regional,2,0.0041110154521876,0.0041110154521876
