{
  "weights": {
    "ridge": 0.9,
    "elasticnet": 0.0,
    "gb": 0.10000000000000002
  },
  "horizons": [
    1,
    2,
    3,
    4,
    5,
    6,
    7,
    8,
    9,
    10,
    11,
    12
  ],
  "scenarios": {
    "baseline": {
      "ensemble": [
        0.01984857278269502,
        0.022857561064492448,
        0.020174548690732243,
        0.017024772588942805,
        0.020473934907051454,
        0.021183576917629513,
        0.032203880803621465,
        0.026014878449159597,
        0.020401211124153357,
        0.014025492897011785,
        0.01461659516666088,
        0.016831482432764885
      ],
      "ridge": [
        0.015721423958849644,
        0.017137704359098213,
        0.016875174054648057,
        0.01804657854605097,
        0.01891191085804587,
        0.022317486944597023,
        0.02008361665131607,
        0.020553435881309506,
        0.02056744629164068,
        0.01898714442601787,
        0.016452206468366783,
        0.014781754066384665
      ],
      "elasticnet": [
        0.015768698038637185,
        0.017200258852646002,
        0.016914926499905635,
        0.018047276088967796,
        0.018833192624093928,
        0.02225478017865112,
        0.020085644226021798,
        0.020605523737606747,
        0.020621559142198424,
        0.01901804426189683,
        0.016466708108644937,
        0.01479958338955073
      ],
      "gb": [
        0.05699291219730342,
        0.07433627141304053,
        0.04986892041548992,
        0.007828518974969334,
        0.03453215134810169,
        0.010978386674921915,
        0.14128625817436996,
        0.0751678615598104,
        0.01890509461676743,
        -0.030629370864042976,
        -0.0019039065486922458,
        0.03527903773018684
      ],
      "p10": [
        -0.023204810551833963,
        -0.0358287787557358,
        -0.037144929118863246,
        -0.035390278732496526,
        -0.05237875658670428,
        -0.03878252043957562,
        -0.03773182478136429,
        -0.03180058095779869,
        -0.03900023724955641,
        -0.059775804049635915,
        -0.06660559167977341,
        0.02473905755362406
      ],
      "p90": [
        0.1015831896780392,
        0.09484684670530322,
        0.07293056170040693,
        0.0569724291509017,
        0.02065706030113994,
        0.10802995666092474,
        0.21841534279710065,
        0.07493431340177632,
        0.038697278594714085,
        0.03811128246525204,
        0.12736671280577885,
        0.15815183781208628
      ]
    },
    "optimistic": {
      "ensemble": [
        0.01984857278269502,
        0.022857561064492448,
        0.02017451088949592,
        0.01702441600362615,
        0.02047459082941748,
        0.021184084453354717,
        0.032203190977620685,
        0.02601343821486275,
        0.020400818436550564,
        0.01402616029495743,
        0.014617070940332716,
        0.016830404857527598
      ],
      "ridge": [
        0.015721423958849644,
        0.017137704359098213,
        0.01687513205327436,
        0.018046182340143574,
        0.018912639660674788,
        0.022318050873180586,
        0.02008285017798188,
        0.020551835620979675,
        0.020567009972082023,
        0.018987885979290808,
        0.016452735105779933,
        0.01478055676056546
      ],
      "elasticnet": [
        0.015768698038637185,
        0.017200258852646002,
        0.016914887269721415,
        0.018046888992295552,
        0.01883390807844563,
        0.022255330782961408,
        0.020084878159074216,
        0.02060392907677951,
        0.020621106607419486,
        0.019018812854607138,
        0.016467206865536852,
        0.014798386955790936
      ],
      "gb": [
        0.05699291219730342,
        0.07433627141304053,
        0.04986892041548992,
        0.007828518974969334,
        0.03453215134810169,
        0.010978386674921915,
        0.14128625817436996,
        0.0751678615598104,
        0.01890509461676743,
        -0.030629370864042976,
        -0.0019039065486922458,
        0.03527903773018684
      ],
      "p10": [
        -0.023204810551833963,
        -0.0358287787557358,
        -0.037144929118863246,
        -0.035390278732496526,
        -0.05237875658670428,
        -0.03878252043957562,
        -0.03773182478136429,
        -0.03180058095779869,
        -0.03900023724955641,
        -0.059775804049635915,
        -0.06660559167977341,
        0.02473905755362406
      ],
      "p90": [
        0.1015831896780392,
        0.09484684670530322,
        0.07293056170040693,
        0.0569724291509017,
        0.02065706030113994,
        0.10802995666092474,
        0.21841534279710065,
        0.07493431340177632,
        0.038697278594714085,
        0.03811128246525204,
        0.12736671280577885,
        0.15815183781208628
      ]
    },
    "pessimistic": {
      "ensemble": [
        0.01984857278269502,
        0.022857561064492448,
        0.020174586496183776,
        0.017025129192021007,
        0.020473278934720496,
        0.021183069102363637,
        0.03220457063377334,
        0.026016318683456448,
        0.02040160390981489,
        0.014024827044591206,
        0.014616121699006019,
        0.016832562057057725
      ],
      "ridge": [
        0.015721423958849644,
        0.017137704359098213,
        0.016875216060705314,
        0.018046974771693414,
        0.018911181999900363,
        0.022316922705412717,
        0.020084383129262605,
        0.020555036141639338,
        0.020567882720153495,
        0.018986404589995003,
        0.016451680393194716,
        0.014782953648932267
      ],
      "elasticnet": [
        0.015768698038637185,
        0.017200258852646002,
        0.016914965734572865,
        0.018047663205495224,
        0.01883247711666571,
        0.02225422926917675,
        0.02008641029491662,
        0.020607118398433984,
        0.020622011771986144,
        0.019017277357579333,
        0.01646621191504095,
        0.014800782101434854
      ],
      "gb": [
        0.05699291219730342,
        0.07433627141304053,
        0.04986892041548992,
        0.007828518974969334,
        0.03453215134810169,
        0.010978386674921915,
        0.14128625817436996,
        0.0751678615598104,
        0.01890509461676743,
        -0.030629370864042976,
        -0.0019039065486922458,
        0.03527903773018684
      ],
      "p10": [
        -0.023204810551833963,
        -0.0358287787557358,
        -0.037144929118863246,
        -0.035390278732496526,
        -0.05237875658670428,
        -0.03878252043957562,
        -0.03773182478136429,
        -0.03180058095779869,
        -0.03900023724955641,
        -0.059775804049635915,
        -0.06660559167977341,
        0.02473905755362406
      ],
      "p90": [
        0.1015831896780392,
        0.09484684670530322,
        0.07293056170040693,
        0.0569724291509017,
        0.02065706030113994,
        0.10802995666092474,
        0.21841534279710065,
        0.07493431340177632,
        0.038697278594714085,
        0.03811128246525204,
        0.12736671280577885,
        0.15815183781208628
      ]
    }
  },
  "future_dates": [
    "2024-04-30",
    "2024-05-31",
    "2024-06-30",
    "2024-07-31",
    "2024-08-31",
    "2024-09-30",
    "2024-10-31",
    "2024-11-30",
    "2024-12-31",
    "2025-01-31",
    "2025-02-28",
    "2025-03-31"
  ]
}