{
  "train": {
    "rmse": 0.022649556132685225,
    "r2": 0.8598435756497667
  },
  "valid": {
    "rmse": 0.048324413485512245,
    "r2": -0.03589646902576127
  },
  "test": {
    "rmse": 0.05474557603427848,
    "r2": -0.7044382584127391
  }
}