{
  "train": {
    "rmse": 0.059694047698213425,
    "r2": 0.026455797502511147
  },
  "valid": {
    "rmse": 0.047350478741893236,
    "r2": 0.0054378712068318125
  },
  "test": {
    "rmse": 0.04176390351037383,
    "r2": 0.00806004962436735
  }
}