{
  "regions": [
    "AMERICAS",
    "APAC",
    "EMEA"
  ],
  "results": {
    "AMERICAS": {
      "train": {
        "rmse": 0.06044930725946589,
        "r2": 0.0016650509384413814
      },
      "valid": {
        "rmse": 0.04804212465389051,
        "r2": -0.023829363148284433
      },
      "test": {
        "rmse": 0.04219676666429115,
        "r2": -0.012608487074518893
      }
    },
    "EMEA": {
      "train": {
        "rmse": 0.06048208101945911,
        "r2": 0.0005822243133667415
      },
      "valid": {
        "rmse": 0.047984783434627754,
        "r2": -0.02138681553618249
      },
      "test": {
        "rmse": 0.04220130644158892,
        "r2": -0.0128263835946405
      }
    },
    "APAC": {
      "train": {
        "rmse": 0.06044713231915338,
        "r2": 0.0017368889780476904
      },
      "valid": {
        "rmse": 0.04794392398849037,
        "r2": -0.019648117204695614
      },
      "test": {
        "rmse": 0.04257084262073945,
        "r2": -0.030641693093005573
      }
    }
  }
}